debtor_name,normalized_name,matched_name,company_number,confidence,company_status,incorporation_date,company_category,address
ARTOOEE LTD,artooee,ARTOOEE LIMITED,07518644,1.0,Active,2011-02-07,Private Limited Company,"{'care_of': None, 'po_box': None, 'address_line_1': 'HALL STABLES SWANWORTH LANE', 'address_line_2': None, 'town': 'DORKING', 'county': 'SURREY', 'country': 'ENGLAND', 'postcode': 'RH5 6DY'}"
Sherlock London Maintenance Ltd,sherlock london maintenance,SHERLOCK LONDON MAINTENANCE LIMITED,13057994,1.0,Active,2020-12-02,Private Limited Company,"{'care_of': None, 'po_box': None, 'address_line_1': '27 ELIZABETH MEWS', 'address_line_2': None, 'town': 'LONDON', 'county': None, 'country': 'ENGLAND', 'postcode': 'NW3 4UH'}"
Heronslea Hampstead Ltd,heronslea hampstead,HERONSLEA (HAMPSTEAD) LIMITED,13695598,1.0,Active,2021-10-21,Private Limited Company,"{'care_of': None, 'po_box': None, 'address_line_1': 'PSB ACCOUNTANTS LTD, JUBILEE HOUSE', 'address_line_2': None, 'town': 'KINGSBURY', 'county': 'LONDON', 'country': 'UNITED KINGDOM', 'postcode': 'NW9 8TZ'}"
Unimetals,unimetals,UNIMETAL LTD,08456053,0.97,Active,2013-03-21,Private Limited Company,"{'care_of': None, 'po_box': None, 'address_line_1': 'UNIT 6 STEEL PARK TRADING ESTATE STEEL PARK WAY', 'address_line_2': None, 'town': 'WOLVERHAMPTON', 'county': 'WEST MIDLANDS', 'country': 'ENGLAND', 'postcode': 'WV11 3BF'}"
Abellio East Anglia Ltd,abellio east anglia,ABELLIO EAST ANGLIA LIMITED,07861414,1.0,Active,2011-11-25,Private Limited Company,"{'care_of': None, 'po_box': None, 'address_line_1': ""2ND FLOOR ST ANDREW'S HOUSE"", 'address_line_2': None, 'town': 'LONDON', 'county': None, 'country': 'UNITED KINGDOM', 'postcode': 'EC4A 3AG'}"
Commercial Property Maintenance Services Ltd,commercial property maintenance services,COMMERCIAL PROPERTY MAINTENANCE SERVICES LIMITED,SC165804,1.0,Active,1996-05-22,Private Limited Company,"{'care_of': None, 'po_box': None, 'address_line_1': 'VICTORIA HOUSE', 'address_line_2': None, 'town': 'ELDERSLIE', 'county': 'RENFREWSHIRE', 'country': 'SCOTLAND', 'postcode': 'PA5 9AX'}"
Dove Groundworks Limited,dove groundworks,DOVE GROUNDWORK LTD,13144591,0.97,Active,2021-01-19,Private Limited Company,"{'care_of': None, 'po_box': None, 'address_line_1': '8 LONGMANS MEWS', 'address_line_2': None, 'town': 'LONDON', 'county': None, 'country': 'UNITED KINGDOM', 'postcode': 'SW20 8DH'}"
A D Bly Construction Limited,a d bly construction,A D BLY CONSTRUCTION LIMITED,04642985,1.0,Active,2003-01-21,Private Limited Company,"{'care_of': None, 'po_box': None, 'address_line_1': 'UNIT 4D NUP END BUSINESS CENTRE', 'address_line_2': None, 'town': 'HERTFORDSHIRE', 'county': None, 'country': None, 'postcode': 'SG3 6QJ'}"
Lenoch Engineering Limited,lenoch engineering,LENOCH ENGINEERING LIMITED,04878090,1.0,Active,2003-08-27,Private Limited Company,"{'care_of': None, 'po_box': None, 'address_line_1': '56 SOMERS ROAD', 'address_line_2': None, 'town': 'RUGBY', 'county': 'WARWICKSHIRE', 'country': 'ENGLAND', 'postcode': 'CV22 7DH'}"
Tribe Ilderton Road OpCo Ltd,tribe ilderton road opco,TRIBE ILDERTON ROAD OPCO LIMITED,14982306,1.0,Active,2023-07-05,Private Limited Company,"{'care_of': None, 'po_box': None, 'address_line_1': 'FIRST FLOOR, KIRKDALE HOUSE 7 KIRKDALE ROAD', 'address_line_2': None, 'town': 'LONDON', 'county': None, 'country': 'UNITED KINGDOM', 'postcode': 'E11 1HP'}"
GL Lewisham Development UK LTD,gl lewisham development united kingdom,GL LEWISHAM DEVELOPMENT UK LIMITED,12482331,1.0,Active,2020-02-25,Private Limited Company,"{'care_of': None, 'po_box': None, 'address_line_1': '1 EAST PARK WALK', 'address_line_2': None, 'town': 'LONDON', 'county': None, 'country': 'ENGLAND', 'postcode': 'E20 1JL'}"
SMART BODYSHOP SOLUTIONS (HEREFORD) LTD,smart bodyshop solutions hereford,SMART BODYSHOP SOLUTIONS (HEREFORD) LTD,12659729,1.0,Active,2020-06-10,Private Limited Company,"{'care_of': None, 'po_box': None, 'address_line_1': 'BROOK HOUSE MOSS GROVE', 'address_line_2': None, 'town': 'WEST MIDLANDS', 'county': None, 'country': 'UNITED KINGDOM', 'postcode': 'DY6 9HS'}"
TEES VALLEY PLASTICS LTD,tees valley plastics,TEES VALLEY PLASTICS LIMITED,10505874,1.0,Active,2016-12-01,Private Limited Company,"{'care_of': None, 'po_box': None, 'address_line_1': '67 DUKE STREET', 'address_line_2': None, 'town': 'DARLINGTON', 'county': 'COUNTY DURHAM', 'country': 'UNITED KINGDOM', 'postcode': 'DL3 7SD'}"
ERIC  EDWARDS HAULAGE CONTRACTOR LTD,eric edwards haulage contractor,ERIC EDWARDS HAULAGE CONTRACTOR LIMITED,01594762,1.0,Active,1981-11-02,Private Limited Company,"{'care_of': None, 'po_box': None, 'address_line_1': 'PADDOCK HILL FARM PADDOCK HILL LANE', 'address_line_2': None, 'town': 'KNUTSFORD', 'county': 'CHESHIRE', 'country': 'ENGLAND', 'postcode': 'WA16 7DQ'}"
Vitalograph Ltd,vitalograph,VITALOGRAPH LIMITED,00782675,1.0,Active,1963-11-28,Private Limited Company,"{'care_of': None, 'po_box': None, 'address_line_1': '130 SHAFTESBURY AVENUE', 'address_line_2': None, 'town': 'LONDON', 'county': None, 'country': None, 'postcode': 'W1D 5EU'}"
Davlyn Construction Limited,davlyn construction,DAVLYN CONSTRUCTION LIMITED,04653477,1.0,Active,2003-01-31,Private Limited Company,"{'care_of': None, 'po_box': None, 'address_line_1': 'SIR FRANCIS LEY INDUSTRIAL PARK', 'address_line_2': None, 'town': 'DERBY', 'county': 'DERBYSHIRE', 'country': None, 'postcode': 'DE23 8XA'}"
Elm Park Homes,elm park homes,ELM PARK HOMES LTD,04963157,1.0,Active,2003-11-13,Private Limited Company,"{'care_of': None, 'po_box': None, 'address_line_1': '4 HASSOCKS HEDGE', 'address_line_2': None, 'town': 'NORTHAMPTON', 'county': None, 'country': None, 'postcode': 'NN4 9QA'}"
Hamways,hamways,HAMWAYS LIMITED,06458029,1.0,Active,2007-12-20,Private Limited Company,"{'care_of': None, 'po_box': None, 'address_line_1': '30 CITY ROAD', 'address_line_2': None, 'town': None, 'county': None, 'country': None, 'postcode': 'EC1Y 2AB'}"
Renovus Real Estate Limited,renovus real estate,RENOVUS REAL ESTATE LTD,13662792,1.0,Active,2021-10-05,Private Limited Company,"{'care_of': None, 'po_box': None, 'address_line_1': 'COLLETON MANOR', 'address_line_2': None, 'town': 'CHULMLEIGH', 'county': None, 'country': 'ENGLAND', 'postcode': 'EX18 7JS'}"
Ergro Technical Services Ltd,ergro technical services,ERGRO TECHNICAL SERVICES LIMITED,03823788,1.0,Active,1999-08-11,Private Limited Company,"{'care_of': None, 'po_box': None, 'address_line_1': '1 VICARAGE LANE', 'address_line_2': None, 'town': 'LONDON', 'county': None, 'country': None, 'postcode': 'E15 4HF'}"
ANATREE GROUP LOGISTICS LTD,anatree group logistics,ANATREE GROUP LOGISTICS LTD.,12088034,1.0,Active,2019-07-05,Private Limited Company,"{'care_of': None, 'po_box': None, 'address_line_1': '85 GREAT PORTLAND STREET', 'address_line_2': None, 'town': 'LONDON', 'county': None, 'country': 'ENGLAND', 'postcode': 'W1W 7LT'}"
DEFINITIVE SECURITY SOLUTIONS LTD,definitive security solutions,DEFINITIVE SECURITY SOLUTIONS LTD,07722145,1.0,Active,2011-07-29,Private Limited Company,"{'care_of': None, 'po_box': None, 'address_line_1': 'THE STABLES GOBLANDS FARM BUSINESS CENTRE', 'address_line_2': None, 'town': 'HADLOW', 'county': 'KENT', 'country': 'ENGLAND', 'postcode': 'TN11 0LT'}"
MAY HARRIS MULTI SERVICES LTD,may harris multi services,MAY HARRIS MULTI SERVICES LTD,07111275,1.0,Active,2009-12-22,Private Limited Company,"{'care_of': None, 'po_box': None, 'address_line_1': '2 LAKEVIEW STABLES LOWER STREET CLERE', 'address_line_2': None, 'town': 'SEVENOAKS', 'county': 'KENT', 'country': None, 'postcode': 'TN15 6NL'}"
Rixon Rixon and Murray Ltd,rixon rixon and murray,"RIXON, RIXON AND MURRAY LTD",10203084,1.0,Active,2016-05-27,Private Limited Company,"{'care_of': None, 'po_box': None, 'address_line_1': '28 WILLERSLEY AVENUE', 'address_line_2': None, 'town': 'SIDCUP', 'county': None, 'country': 'ENGLAND', 'postcode': 'DA15 9EW'}"
BAUWATCH (UK) LIMITED,bauwatch united kingdom,BAUWATCH (UK) LIMITED,07830541,1.0,Active,2011-11-01,Private Limited Company,"{'care_of': None, 'po_box': None, 'address_line_1': 'BDO, R+, 2', 'address_line_2': None, 'town': 'READING', 'county': 'BERKSHIRE', 'country': 'ENGLAND', 'postcode': 'RG1 1AZ'}"
ENES INSTALLATIONS LIMITED,enes installations,ENES INSTALLATIONS LIMITED,11220011,1.0,Active,2018-02-22,Private Limited Company,"{'care_of': None, 'po_box': None, 'address_line_1': '13-17 HIGH BEECH ROAD', 'address_line_2': None, 'town': 'ESSEX', 'county': None, 'country': 'ENGLAND', 'postcode': 'IG10 4BN'}"
FABRIWALLS LTD,fabriwalls,FABRIWALLS LTD,14825311,1.0,Active,2023-04-25,Private Limited Company,"{'care_of': None, 'po_box': None, 'address_line_1': 'HIGSON & CO, WHITE HOUSE', 'address_line_2': None, 'town': 'NOTTINGHAM', 'county': 'NOTTINGHAMSHIRE', 'country': 'UNITED KINGDOM', 'postcode': 'NG1 5GF'}"
INTERIORS DIRECT LIMITED,interiors direct,A1 INTERIORS DIRECT LIMITED,04524950,0.97,Active,2002-09-03,Private Limited Company,"{'care_of': None, 'po_box': None, 'address_line_1': '19 HIGHFIELD ROAD', 'address_line_2': None, 'town': 'BIRMINGHAM', 'county': None, 'country': None, 'postcode': 'B15 3BH'}"
BAGGEX,baggex,BAGGEX LTD,12558149,1.0,Active,2020-04-16,Private Limited Company,"{'care_of': None, 'po_box': None, 'address_line_1': 'JOHN PHILLIPS & CO LTD', 'address_line_2': None, 'town': 'IPSWICH', 'county': 'SUFFOLK', 'country': None, 'postcode': 'IP6 0NL'}"
Tyde Marketing,tyde marketing,TYDE MARKETING LIMITED,14857274,1.0,Active,2023-05-09,Private Limited Company,"{'care_of': None, 'po_box': None, 'address_line_1': '39 BELMONT GROVE', 'address_line_2': None, 'town': 'HAVANT', 'county': None, 'country': 'ENGLAND', 'postcode': 'PO9 3PT'}"
HARRISON AND WILDON LTD,harrison and wildon,HARRISON & WILDON LIMITED,01319758,0.98,Active,1977-07-01,Private Limited Company,"{'care_of': None, 'po_box': None, 'address_line_1': '21 FULLERS FIELD SWAN LANE', 'address_line_2': None, 'town': 'IPSWICH', 'county': None, 'country': 'UNITED KINGDOM', 'postcode': 'IP6 9AX'}"
WHITMAN BUILDING SERVICES LTD,whitman building services,WHITMAN BUILDING SERVICES LTD,08560643,1.0,Active,2013-06-07,Private Limited Company,"{'care_of': None, 'po_box': None, 'address_line_1': '4 READING ROAD', 'address_line_2': None, 'town': 'PANGBOURNE', 'county': 'BERKSHIRE', 'country': None, 'postcode': 'RG8 7LY'}"
Solventis Ltd,solventis,SOLVENTIS LTD.,03366192,1.0,Active,1997-05-07,Private Limited Company,"{'care_of': None, 'po_box': None, 'address_line_1': 'COMPTON HOUSE THE GUILDWAY', 'address_line_2': None, 'town': 'GUILDFORD', 'county': 'SURREY', 'country': 'ENGLAND', 'postcode': 'GU3 1LR'}"
Beaver Plants Ltd,beaver plants,BEAVER PLANTS LIMITED,01089635,1.0,Active,1973-01-03,Private Limited Company,"{'care_of': None, 'po_box': None, 'address_line_1': 'BEAVER FARM', 'address_line_2': None, 'town': 'NEWCHAPEL, NEAR LINGFIELD', 'county': 'SURREY', 'country': None, 'postcode': 'RH7 6HL'}"
Cranleigh School,cranleigh school,CRANLEIGH SCHOOL,03595824,1.0,Active,1998-07-09,"PRI/LBG/NSC (Private, Limited by guarantee, no share capital, use of 'Limited' exemption)","{'care_of': None, 'po_box': None, 'address_line_1': 'HORSESHOE LANE', 'address_line_2': None, 'town': 'SURREY', 'county': None, 'country': None, 'postcode': 'GU6 8QQ'}"
A & J Waste Services Ltd,a j waste services,A AND J WASTE SERVICES LTD,10644192,0.98,Active,2017-02-28,Private Limited Company,"{'care_of': None, 'po_box': None, 'address_line_1': 'UNIT 1 QUARRY WAY', 'address_line_2': None, 'town': 'SHEPTON MALLET', 'county': 'SOMERSET', 'country': 'UNITED KINGDOM', 'postcode': 'BA4 4RN'}"
David Austin Roses,david austin roses,DAVID AUSTIN ROSES LIMITED,02701780,1.0,Active,1992-03-30,Private Limited Company,"{'care_of': None, 'po_box': None, 'address_line_1': 'BOWLING GREEN LANE', 'address_line_2': None, 'town': 'WOLVERHAMPTON', 'county': None, 'country': None, 'postcode': 'WV7 3HB'}"
Blanchard Wells,blanchard wells,BLANCHARD WELLS LIMITED,04123057,1.0,Active,2000-12-12,Private Limited Company,"{'care_of': None, 'po_box': None, 'address_line_1': 'THE MEADOWS FORESTER ROAD', 'address_line_2': None, 'town': 'SOUTHAMPTON', 'county': None, 'country': 'ENGLAND', 'postcode': 'SO32 3QG'}"
Osmosis Buyer Ltd,osmosis buyer,OSMOSIS BUYER LIMITED,13404693,1.0,Active,2021-05-17,Private Limited Company,"{'care_of': None, 'po_box': None, 'address_line_1': 'FOURTH FLOOR ABBOTS HOUSE', 'address_line_2': None, 'town': 'READING', 'county': 'BERKSHIRE', 'country': 'UNITED KINGDOM', 'postcode': 'RG1 3BD'}"
Adriatic Metals Services UK Ltd,adriatic metals services united kingdom,ADRIATIC METALS SERVICES (UK) LIMITED,03781581,1.0,Active,1999-06-02,Private Limited Company,"{'care_of': None, 'po_box': None, 'address_line_1': 'GROUND FLOOR, REGENT HOUSE', 'address_line_2': None, 'town': 'CHELTENHAM', 'county': 'GLOUCESTERSHIRE', 'country': 'UNITED KINGDOM', 'postcode': 'GL50 1HX'}"
Thermal Ceramics UK Ltd,thermal ceramics united kingdom,THERMAL CERAMICS UK LIMITED,00890443,1.0,Active,1966-10-26,Private Limited Company,"{'care_of': None, 'po_box': None, 'address_line_1': 'TEBAY ROAD', 'address_line_2': None, 'town': 'WIRRAL', 'county': 'MERSEYSIDE', 'country': None, 'postcode': 'CH62 3PH'}"
Neptune Europe Ltd,neptune europe,NEPTUNE (EUROPE) LTD,03215405,1.0,Active,1996-06-24,Private Limited Company,"{'care_of': None, 'po_box': None, 'address_line_1': 'ORION FRANKLAND ROAD', 'address_line_2': None, 'town': 'SWINDON', 'county': None, 'country': 'ENGLAND', 'postcode': 'SN5 8YG'}"
Incubeta Holdings International Limited,incubeta holdings international,INCUBETA HOLDINGS INTERNATIONAL LIMITED,12015398,1.0,Active,2019-05-24,Private Limited Company,"{'care_of': None, 'po_box': None, 'address_line_1': '14TH FLOOR, THE BOWER', 'address_line_2': None, 'town': 'LONDON', 'county': None, 'country': 'ENGLAND', 'postcode': 'EC1V 9NR'}"
IVC Acquisition  Ltd,ivc acquisition,IVC ACQUISITION LTD,10505083,1.0,Active,2016-11-30,Private Limited Company,"{'care_of': None, 'po_box': None, 'address_line_1': 'THE CHOCOLATE FACTORY', 'address_line_2': None, 'town': 'BRISTOL', 'county': None, 'country': None, 'postcode': 'BS31 2AU'}"
Imagination Industries Investments Ltd,imagination industries investments,IMAGINATION INDUSTRIES INVESTMENTS LIMITED,11062169,1.0,Active,2017-11-14,Private Limited Company,"{'care_of': None, 'po_box': None, 'address_line_1': '9 PEMBRIDGE ROAD', 'address_line_2': None, 'town': 'LONDON', 'county': None, 'country': 'ENGLAND', 'postcode': 'W11 3JY'}"
International Exhibition Co-operative Wine Society Limited t,international exhibition -operative wine society t,INTERNATIONAL EXHIBITION CO-OPERATIVE WINE SOCIETY LIMITED,IP01824R,0.98,Active,1981-01-01,Registered Society,"{'care_of': None, 'po_box': None, 'address_line_1': None, 'address_line_2': None, 'town': None, 'county': None, 'country': None, 'postcode': None}"
Transform Healthcare Limited,transform healthcare,TRANSFORM HEALTHCARE LIMITED,10616065,1.0,Active,2017-02-13,Private Limited Company,"{'care_of': None, 'po_box': None, 'address_line_1': '132 MANCHESTER ROAD', 'address_line_2': None, 'town': 'ROCHDALE', 'county': 'GREATER MANCHESTER', 'country': 'ENGLAND', 'postcode': 'OL11 4JQ'}"
SAFIA ALEXANDER INVESTMENTS LIMITED,safia alexander investments,SAFIA ALEXANDER INVESTMENTS LIMITED,11120934,1.0,Active,2017-12-21,Private Limited Company,"{'care_of': None, 'po_box': None, 'address_line_1': '46 GLOUCESTER ROAD', 'address_line_2': None, 'town': 'FELTHAM', 'county': None, 'country': 'ENGLAND', 'postcode': 'TW13 5BZ'}"
No Mild Steel Limited,no mild steel,NO MILD STEEL LIMITED,14706735,1.0,Active,2023-03-06,Private Limited Company,"{'care_of': None, 'po_box': None, 'address_line_1': '111 RANDALL STREET', 'address_line_2': None, 'town': 'SHEFFIELD', 'county': None, 'country': 'ENGLAND', 'postcode': 'S2 4SJ'}"
858 Leisure Ltd,858 leisure,858 LEISURE LTD,12160648,1.0,Active,2019-08-16,Private Limited Company,"{'care_of': None, 'po_box': None, 'address_line_1': '20-22 WENLOCK ROAD', 'address_line_2': None, 'town': 'LONDON', 'county': None, 'country': 'ENGLAND', 'postcode': 'N1 7GU'}"
Moor Bio-Energy Ltd,moor bio-energy,MOOR BIO-ENERGY LIMITED,09781319,1.0,Active,2015-09-17,Private Limited Company,"{'care_of': None, 'po_box': None, 'address_line_1': '10-12 FREDERICK SANGER ROAD', 'address_line_2': None, 'town': 'GUILDFORD', 'county': 'SURREY', 'country': 'ENGLAND', 'postcode': 'GU2 7YD'}"
Westcott Construction Ltd,westcott construction,WESTCOTT CONSTRUCTION LIMITED,08788915,1.0,Active,2013-11-25,Private Limited Company,"{'care_of': None, 'po_box': None, 'address_line_1': '30 PORTSMOUTH ENTERPRISE CENTRE', 'address_line_2': None, 'town': 'PORTSMOUTH', 'county': None, 'country': 'ENGLAND', 'postcode': 'PO3 5QT'}"
Auluk Investments Ltd,auluk investments,AULUK INVESTMENTS LIMITED,13938824,1.0,Active,2022-02-24,Private Limited Company,"{'care_of': None, 'po_box': None, 'address_line_1': 'LEYTONSTONE HOUSE', 'address_line_2': None, 'town': 'LEYTONSTONE', 'county': 'LONDON', 'country': 'ENGLAND', 'postcode': 'E11 1GA'}"
CCW SERVICES LTD,ccw services,CCW SERVICES LIMITED,04877852,1.0,Active,2003-08-27,Private Limited Company,"{'care_of': None, 'po_box': None, 'address_line_1': 'C/O PALMER RILEY & CO.', 'address_line_2': None, 'town': 'FAREHAM', 'county': 'HAMPSHIRE', 'country': None, 'postcode': 'PO16 8XT'}"
CHOICE UNIVERSE UK LTD,choice universe united kingdom,CHOICE UNIVERSE UK LTD,14743542,1.0,Active,2023-03-20,Private Limited Company,"{'care_of': None, 'po_box': None, 'address_line_1': '80 KINGSLAND HIGH STREET', 'address_line_2': None, 'town': 'LONDON', 'county': 'LONDON', 'country': 'UNITED KINGDOM', 'postcode': 'E8 2NS'}"
HOYER UK LTD,hoyer united kingdom,HOYER UK LIMITED,02699808,1.0,Active,1992-03-24,Private Limited Company,"{'care_of': None, 'po_box': None, 'address_line_1': '517 LEEDS ROAD', 'address_line_2': None, 'town': 'WEST YORKSHIRE', 'county': None, 'country': None, 'postcode': 'HD2 1YJ'}"
MARBRA LTD,marbra,MARBRA LTD,14695194,1.0,Active,2023-02-28,Private Limited Company,"{'care_of': None, 'po_box': None, 'address_line_1': 'EAST HILL FARM', 'address_line_2': None, 'town': 'SOUTHAMPTON', 'county': None, 'country': 'ENGLAND', 'postcode': 'SO45 1AL'}"
MERIDIAN FREIGHT SERVICES LTD,meridian freight services,MERIDIAN FREIGHT SERVICES LIMITED,01655828,1.0,Active,1982-08-02,Private Limited Company,"{'care_of': None, 'po_box': None, 'address_line_1': 'UNIT 5 POLYGON BUSINESS CENTRE', 'address_line_2': None, 'town': 'SLOUGH', 'county': 'BERKSHIRE', 'country': None, 'postcode': 'SL3 0QT'}"
SILK CONTAINER LINES UK LTD,silk container lines united kingdom,SILK CONTAINER LINES UK LTD,15144346,1.0,Active,2023-09-18,Private Limited Company,"{'care_of': None, 'po_box': None, 'address_line_1': '86-90 PAUL STREET', 'address_line_2': None, 'town': 'LONDON', 'county': 'ENGLAND', 'country': 'UNITED KINGDOM', 'postcode': 'EC2A 4NE'}"
THE MASTERS GOLF COMPANY LTD,the masters golf,THE MASTERS GOLF COMPANY LIMITED,02548980,1.0,Active,1990-10-16,Private Limited Company,"{'care_of': None, 'po_box': None, 'address_line_1': 'GORDANO GATE SERBERT ROAD', 'address_line_2': None, 'town': 'BRISTOL', 'county': None, 'country': None, 'postcode': 'BS20 7GG'}"
High Speed Two (HS2 Ltd),high speed two hs2,HIGH SPEED TWO (HS2) LIMITED,06791686,1.0,Active,2009-01-14,"PRI/LTD BY GUAR/NSC (Private, limited by guarantee, no share capital)","{'care_of': None, 'po_box': None, 'address_line_1': 'TWO SNOWHILL', 'address_line_2': None, 'town': 'BIRMINGHAM', 'county': None, 'country': 'ENGLAND', 'postcode': 'B4 6GA'}"
John Clarke Electrician Ltd*,john clarke electrician,JOHN CLARKE ELECTRICIAN LIMITED,SC277222,1.0,Active,2004-12-08,Private Limited Company,"{'care_of': None, 'po_box': None, 'address_line_1': '3 CARROGLEN GROVE', 'address_line_2': None, 'town': 'GLASGOW', 'county': 'LANARKSHIRE', 'country': None, 'postcode': 'G32 0ER'}"
Pro Electric,pro electric,PRO ELECTRICAL LIMITED,12899547,0.97,Active,2020-09-23,Private Limited Company,"{'care_of': None, 'po_box': None, 'address_line_1': '43 TWITTEN WAY', 'address_line_2': None, 'town': 'WORTHING', 'county': None, 'country': 'ENGLAND', 'postcode': 'BN14 7JU'}"
Krome Technologies Ltd,krome technologies,KROME TECHNOLOGIES LTD,07031219,1.0,Active,2009-09-26,Private Limited Company,"{'care_of': None, 'po_box': None, 'address_line_1': 'KROME HOUSE', 'address_line_2': None, 'town': 'CHERTSEY', 'county': None, 'country': 'ENGLAND', 'postcode': 'KT16 8ER'}"
Trans-Tek Ltd,trans-tek,TRANS-TEK LIMITED,01915595,1.0,Active,1985-05-21,Private Limited Company,"{'care_of': None, 'po_box': None, 'address_line_1': 'NIGHTINGALE HOUSE 46-48', 'address_line_2': None, 'town': 'EPSOM', 'county': 'SURREY', 'country': None, 'postcode': 'KT17 1HQ'}"
Indigo splash Ltd,indigo splash,INDIGO SPLASH LTD,04359018,1.0,Active,2002-01-23,Private Limited Company,"{'care_of': None, 'po_box': None, 'address_line_1': 'THE OLD CASINO', 'address_line_2': None, 'town': 'HOVE', 'county': 'EAST SUSSEX', 'country': 'ENGLAND', 'postcode': 'BN3 2PJ'}"
ZEEPY LTD,zeepy,ZEEPY LTD,15129888,1.0,Active,2023-09-11,Private Limited Company,"{'care_of': None, 'po_box': None, 'address_line_1': 'TANGLEWOOD SHAY LANE', 'address_line_2': None, 'town': 'CHESTER', 'county': None, 'country': 'UNITED KINGDOM', 'postcode': 'CH3 8NN'}"
Studio Kloof Ltd,studio kloof,STUDIO KLOOF LTD,14067924,1.0,Active,2022-04-25,Private Limited Company,"{'care_of': None, 'po_box': None, 'address_line_1': '32 CATSLIP', 'address_line_2': None, 'town': 'HENLEY-ON-THAMES', 'county': None, 'country': 'ENGLAND', 'postcode': 'RG9 5BL'}"
Embark Group Ltd,embark group,EMBARK GROUP LIMITED,03578067,1.0,Active,1998-06-09,Private Limited Company,"{'care_of': None, 'po_box': None, 'address_line_1': '100 CANNON STREET', 'address_line_2': None, 'town': 'LONDON', 'county': None, 'country': 'UNITED KINGDOM', 'postcode': 'EC4N 6EU'}"
Abbey Logistics Group Limited,abbey logistics group,ABBEY LOGISTICS GROUP LIMITED,02484251,1.0,Active,1990-03-22,Private Limited Company,"{'care_of': None, 'po_box': None, 'address_line_1': 'SUITE 11, STONE CROSS PLACE STONE CROSS LANE NORTH', 'address_line_2': None, 'town': 'WARRINGTON', 'county': None, 'country': 'ENGLAND', 'postcode': 'WA3 2SH'}"
Bluegyp Limited,bluegyp,BLUEGYP LIMITED,05669255,1.0,Active,2006-01-09,Private Limited Company,"{'care_of': None, 'po_box': None, 'address_line_1': 'UNIT 12 WHARFSIDE BUSINESS PARK IRLAM WHARF ROAD', 'address_line_2': None, 'town': 'MANCHESTER', 'county': None, 'country': None, 'postcode': 'M44 5PN'}"
DPC Mechanical Limited,dpc mechanical,DPC MECHANICAL LIMITED,11497160,1.0,Active,2018-08-02,Private Limited Company,"{'care_of': None, 'po_box': None, 'address_line_1': 'FIRST FLOOR', 'address_line_2': None, 'town': 'BALDOCK', 'county': 'HERTFORDSHIRE', 'country': 'ENGLAND', 'postcode': 'SG7 6QQ'}"
Element Materials Technology Hitchin Limited,element materials technology hitchin,ELEMENT MATERIALS TECHNOLOGY HITCHIN LIMITED,08149114,1.0,Active,2012-07-19,Private Limited Company,"{'care_of': None, 'po_box': None, 'address_line_1': '3RD FLOOR DAVIDSON BUILDING', 'address_line_2': None, 'town': 'LONDON', 'county': None, 'country': 'UNITED KINGDOM', 'postcode': 'WC2E 7HA'}"
Expect Distribution Ltd,expect distribution,EXPECT DISTRIBUTION LIMITED,02169364,1.0,Active,1987-09-25,Private Limited Company,"{'care_of': None, 'po_box': None, 'address_line_1': 'PREMIER POINT PREMIER GATE', 'address_line_2': None, 'town': 'BRADFORD', 'county': 'W YORKS', 'country': None, 'postcode': 'BD6 1DW'}"
First Packaging Services Ltd,first packaging services,FIRST PACKAGING SERVICES LIMITED,06660841,1.0,Active,2008-07-30,Private Limited Company,"{'care_of': None, 'po_box': None, 'address_line_1': '2ND FLOOR', 'address_line_2': None, 'town': 'MANCHESTER', 'county': None, 'country': 'ENGLAND', 'postcode': 'M1 3BE'}"
H Aistrop and Sons Limited,h aistrop and sons,H AISTROP & SONS LIMITED,05662641,0.98,Active,2005-12-23,Private Limited Company,"{'care_of': None, 'po_box': None, 'address_line_1': 'C/O MRS L M AISTROP', 'address_line_2': None, 'town': 'THORPE HESLEY, ROTHERHAM', 'county': 'SOUTH YORKSHIRE', 'country': None, 'postcode': 'S61 2TS'}"
JM Roofing Specialists Ltd,jm roofing specialists,JM ROOFING SPECIALISTS LTD,SC564118,1.0,Active,2017-04-24,Private Limited Company,"{'care_of': None, 'po_box': None, 'address_line_1': '16 MUIR STREET', 'address_line_2': None, 'town': 'HAMILTON', 'county': None, 'country': 'SCOTLAND', 'postcode': 'ML3 6EP'}"
Lysander Associates Limited,lysander associates,LYSANDER ASSOCIATES LIMITED,04143306,1.0,Active,2001-01-18,Private Limited Company,"{'care_of': None, 'po_box': None, 'address_line_1': 'GREENWAYS STUDIOS', 'address_line_2': None, 'town': 'GODALMING', 'county': None, 'country': 'ENGLAND', 'postcode': 'GU7 2QF'}"
Mac Contracting (Nottingham)  LTD,mac contracting nottingham,MAC CONTRACTING NOTTINGHAM LIMITED,07140521,1.0,Active,2010-01-29,Private Limited Company,"{'care_of': None, 'po_box': None, 'address_line_1': '21 THACKERAYS LANE', 'address_line_2': None, 'town': 'NOTTINGHAM', 'county': None, 'country': 'ENGLAND', 'postcode': 'NG5 4HT'}"
SGD Contractors Limited,sgd contractors,SGD CONTRACTORS LIMITED,08468861,1.0,Active,2013-04-02,Private Limited Company,"{'care_of': None, 'po_box': None, 'address_line_1': '1 ROYAL TERRACE', 'address_line_2': None, 'town': 'SOUTHEND-ON-SEA', 'county': 'ESSEX', 'country': None, 'postcode': 'SS1 1EA'}"
Spectrumx Holdings UK Ltd,spectrumx holdings united kingdom,SPECTRUMX HOLDINGS UK LTD,13745475,1.0,Active,2021-11-16,Private Limited Company,"{'care_of': None, 'po_box': None, 'address_line_1': 'UNIT 8 NOVUS PARKGATE INDUSTRIAL ESTATE', 'address_line_2': None, 'town': 'KNUTSFORD', 'county': None, 'country': 'ENGLAND', 'postcode': 'WA16 8FB'}"
Triton Construction Ltd,triton construction,TRITON CONSTRUCTION LIMITED,05352888,1.0,Active,2005-02-04,Private Limited Company,"{'care_of': None, 'po_box': None, 'address_line_1': 'HARE PARK MILLS', 'address_line_2': None, 'town': 'LIVERSEDGE', 'county': 'WEST YORKSHIRE', 'country': None, 'postcode': 'WF15 8EP'}"
Yantra Fulfilment Ltd,yantra fulfilment,YANTRA FULFILMENT LIMITED,11856773,1.0,Active,2019-03-04,Private Limited Company,"{'care_of': None, 'po_box': None, 'address_line_1': 'UNIT 10B', 'address_line_2': None, 'town': 'CASTLE DONINGTON', 'county': 'DERBYSHIRE', 'country': 'ENGLAND', 'postcode': 'DE74 2US'}"
UTEC Survey Inc,utec survey,UTEC SURVEY LIMITED,SC293981,1.0,Liquidation,2005-12-01,Private Limited Company,"{'care_of': None, 'po_box': None, 'address_line_1': 'BISHOPS COURT', 'address_line_2': None, 'town': 'ABERDEEN', 'county': None, 'country': None, 'postcode': 'AB10 1YL'}"
AEROCO LTD,aeroco,AEROCO LIMITED,07030199,1.0,Active,2009-09-25,Private Limited Company,"{'care_of': None, 'po_box': None, 'address_line_1': 'UNITS 6-9', 'address_line_2': None, 'town': 'STOCKPORT', 'county': None, 'country': 'UNITED KINGDOM', 'postcode': 'SK3 0EF'}"
Forrest Fresh Foods Ltd,forrest fresh foods,FORREST FRESH FOODS LIMITED,07122479,1.0,Active,2010-01-12,Private Limited Company,"{'care_of': None, 'po_box': None, 'address_line_1': 'UNIT 6B SCOTTS INDUSTRIAL PARK', 'address_line_2': None, 'town': 'ROCHDALE', 'county': 'LANCASHIRE', 'country': None, 'postcode': 'OL16 5NA'}"
North East Tippers Ltd,north east tippers,NORTH EAST TIPPERS LIMITED,08897724,1.0,Active,2014-02-17,Private Limited Company,"{'care_of': None, 'po_box': None, 'address_line_1': 'THISTLE ROAD LITTLEBURN INDUSTRIAL ESTATE', 'address_line_2': None, 'town': 'DURHAM', 'county': None, 'country': 'ENGLAND', 'postcode': 'DH7 8HJ'}"
United Welding Supplies Ltd,united welding supplies,UNITED WELDING SUPPLIES LIMITED,02390879,1.0,Active,1989-06-01,Private Limited Company,"{'care_of': None, 'po_box': None, 'address_line_1': 'MANUFACTORY HOUSE', 'address_line_2': None, 'town': 'HERTFORD HERTS', 'county': None, 'country': None, 'postcode': 'SG14 1BP'}"
Apetito Limited,apetito,APETITO LIMITED,00233851,1.0,Active,1928-10-06,Private Limited Company,"{'care_of': None, 'po_box': None, 'address_line_1': 'CANAL ROAD', 'address_line_2': None, 'town': 'WILTSHIRE', 'county': None, 'country': None, 'postcode': 'BA14 8RJ'}"
Trusstec Limited,trusstec,TRUSSTEC LIMITED,02266722,1.0,Active,1988-06-10,Private Limited Company,"{'care_of': None, 'po_box': None, 'address_line_1': 'SUSSEX HOUSE', 'address_line_2': None, 'town': 'CHICHESTER', 'county': 'WEST SUSSEX', 'country': 'UNITED KINGDOM', 'postcode': 'PO19 8PE'}"
Penny Morrison Ltd,penny morrison,PENNY MORRISON LTD,11572012,1.0,Active,2018-09-17,Private Limited Company,"{'care_of': None, 'po_box': None, 'address_line_1': 'CAMBRIDGE HOUSE', 'address_line_2': None, 'town': 'SAFFRON WALDEN', 'county': 'ESSEX', 'country': 'ENGLAND', 'postcode': 'CB10 1AX'}"
E & D Grow LTD,e d grow,E&D GROW LTD,15300910,1.0,Active,2023-11-21,Private Limited Company,"{'care_of': None, 'po_box': None, 'address_line_1': 'UNIT 2,', 'address_line_2': None, 'town': 'MANCHESTER', 'county': None, 'country': 'ENGLAND', 'postcode': 'M28 3GN'}"
Westminster Academy,westminster academy,WESTMINSTER ACADEMY TRUST,10571263,1.0,Active,2017-01-18,"PRI/LBG/NSC (Private, Limited by guarantee, no share capital, use of 'Limited' exemption)","{'care_of': None, 'po_box': None, 'address_line_1': 'WESTMINSTER PRIMARY SCHOOL STAMFORD ROAD', 'address_line_2': None, 'town': 'BIRMINGHAM', 'county': 'WEST MIDLANDS', 'country': None, 'postcode': 'B20 3PN'}"
St Joseph's College,st joseph s college,ST JOSEPH'S COLLEGE LIMITED,03142500,1.0,Active,1995-12-22,"PRI/LTD BY GUAR/NSC (Private, limited by guarantee, no share capital)","{'care_of': None, 'po_box': None, 'address_line_1': 'BIRKFIELD HOUSE', 'address_line_2': None, 'town': 'IPSWICH', 'county': None, 'country': 'ENGLAND', 'postcode': 'IP2 9DR'}"
Fairley House School,fairley house school,FAIRLEY HOUSE SCHOOL,01535096,1.0,Active,1980-12-15,"PRI/LBG/NSC (Private, Limited by guarantee, no share capital, use of 'Limited' exemption)","{'care_of': None, 'po_box': None, 'address_line_1': '30 CAUSTON STREET', 'address_line_2': None, 'town': None, 'county': None, 'country': None, 'postcode': 'SW1P 4AU'}"
Chesterfield High School,chesterfield high school,CHESTERFIELD HIGH SCHOOL,07761675,1.0,Active,2011-09-05,"PRI/LBG/NSC (Private, Limited by guarantee, no share capital, use of 'Limited' exemption)","{'care_of': None, 'po_box': None, 'address_line_1': 'CHESTERFIELD HIGH SCHOOL CHESTERFIELD ROAD', 'address_line_2': None, 'town': 'LIVERPOOL', 'county': 'MERSEYSIDE', 'country': None, 'postcode': 'L23 9YB'}"
Panel Supplies Limited,panel supplies,PANEL SUPPLIES LIMITED,06277416,1.0,Active,2007-06-12,Private Limited Company,"{'care_of': None, 'po_box': None, 'address_line_1': 'UNIT 5 JAVELIN PARK', 'address_line_2': None, 'town': 'STONEHOUSE', 'county': None, 'country': 'ENGLAND', 'postcode': 'GL10 3WT'}"
R & J Logistics Limited,r j logistics,R&J LOGISTICS LTD,10712678,1.0,Active,2017-04-06,Private Limited Company,"{'care_of': None, 'po_box': None, 'address_line_1': '11 DUNSMORE ROAD', 'address_line_2': None, 'town': 'LUTON', 'county': None, 'country': 'ENGLAND', 'postcode': 'LU1 5JU'}"
Furniture Delivery Solutions,furniture delivery,FURNITURE DELIVERY CO LTD,07474597,1.0,Liquidation,2010-12-21,Private Limited Company,"{'care_of': None, 'po_box': None, 'address_line_1': '26-28 GOODALL STREET', 'address_line_2': None, 'town': 'WALSALL', 'county': None, 'country': None, 'postcode': 'WS1 1QL'}"
MJK Resourcing Limited,mjk resourcing,MJK RESOURCING LTD,09828122,1.0,Active,2015-10-16,Private Limited Company,"{'care_of': None, 'po_box': None, 'address_line_1': '33-37 BILTON WAY', 'address_line_2': None, 'town': 'LUTON', 'county': None, 'country': 'ENGLAND', 'postcode': 'LU1 1UU'}"
Eazy Freight Limited,eazy freight,EAZY FREIGHT LTD,SC621457,1.0,Active,2019-02-18,Private Limited Company,"{'care_of': None, 'po_box': None, 'address_line_1': 'TRINITY BUSINESS SPACES', 'address_line_2': None, 'town': 'KILMARNOCK', 'county': None, 'country': 'SCOTLAND', 'postcode': 'KA1 4AN'}"
Eshelby Group International,eshelby,ESHELBYS LTD,14897862,0.97,Active,2023-05-26,Private Limited Company,"{'care_of': None, 'po_box': None, 'address_line_1': 'WYCHWOOD PARK CORNER', 'address_line_2': None, 'town': 'HENLEY-ON-THAMES', 'county': None, 'country': 'ENGLAND', 'postcode': 'RG9 6DR'}"
W S Surplus Supplies Ltd,w s surplus supplies,W. S. SURPLUS SUPPLIES LIMITED,00694297,1.0,Active,1961-06-01,Private Limited Company,"{'care_of': None, 'po_box': None, 'address_line_1': 'UNIT 3 OAKFIELD HOUSE', 'address_line_2': None, 'town': 'EYNSHAM', 'county': 'OXON', 'country': None, 'postcode': 'OX29 4TH'}"
UK & IE Flora Group Ltd,united kingdom ie flora group,UK & IE FLORA GROUP LIMITED,03380152,1.0,Active,1997-06-03,Private Limited Company,"{'care_of': None, 'po_box': None, 'address_line_1': 'DIANTHUS BUSINESS PARK', 'address_line_2': None, 'town': 'NEWPORT', 'county': 'EAST YORKSHIRE', 'country': None, 'postcode': 'HU15 2FT'}"
Star Transport & Warehousing,star transport warehousing,STAR TRANSPORT AND WAREHOUSING LIMITED,01620450,0.98,Active,1982-03-05,Private Limited Company,"{'care_of': None, 'po_box': None, 'address_line_1': 'STAR HOUSE', 'address_line_2': None, 'town': 'THETFORD', 'county': 'NORFOLK', 'country': None, 'postcode': 'IP24 1HP'}"
SSO LOGISTICS LIMITED,sso logistics,SSO LOGISTICS LIMITED,09030923,1.0,Active,2014-05-08,Private Limited Company,"{'care_of': None, 'po_box': None, 'address_line_1': 'UNIT 4, THE WILLOWS BOSTON PARK', 'address_line_2': None, 'town': 'HAYDOCK', 'county': None, 'country': 'UNITED KINGDOM', 'postcode': 'WA11 9SR'}"
Topgrade Logistics Limited,topgrade logistics,TOPGRADE LOGISTICS LIMITED,08882778,1.0,Active,2014-02-07,Private Limited Company,"{'care_of': None, 'po_box': None, 'address_line_1': 'SUITE 23, THE FORUM, TAMESIDE BUSINESS PARK, WINDMILL LANE', 'address_line_2': None, 'town': 'MANCHESTER', 'county': None, 'country': 'ENGLAND', 'postcode': 'M34 3QS'}"
Barnes Logistics Cheshire Ltd,barnes logistics cheshire,BARNES LOGISTICS (CHESHIRE) LIMITED,03004203,1.0,Active,1994-12-21,Private Limited Company,"{'care_of': None, 'po_box': None, 'address_line_1': 'BARNES LOGISTICS LIMITED BARNES LOGISTICS LIMITED', 'address_line_2': None, 'town': 'ROCHDALE', 'county': None, 'country': None, 'postcode': 'OL11 2QA'}"
MB Retail Distribution Ltd,mb retail distribution,MB RETAIL DISTRIBUTION LTD,14230721,1.0,Active,2022-07-13,Private Limited Company,"{'care_of': None, 'po_box': None, 'address_line_1': 'OFFICE 1', 'address_line_2': None, 'town': 'BURTON-ON-TRENT', 'county': None, 'country': 'ENGLAND', 'postcode': 'DE14 3JZ'}"
Madex Logistics Ltd,madex logistics,MADEX LOGISTICS LTD,04571414,1.0,Active,2002-10-23,Private Limited Company,"{'care_of': None, 'po_box': None, 'address_line_1': '940 GREEN LANES', 'address_line_2': None, 'town': 'LONDON', 'county': None, 'country': 'UNITED KINGDOM', 'postcode': 'N21 2AD'}"
A2B Freight Ltd,a2b freight,A2B FREIGHT LTD,13006796,1.0,Active,2020-11-10,Private Limited Company,"{'care_of': None, 'po_box': None, 'address_line_1': '435 STRATFORD ROAD', 'address_line_2': None, 'town': 'SOLIHULL', 'county': None, 'country': 'ENGLAND', 'postcode': 'B90 4AA'}"
Quality Freight Services Ltd,quality freight services,QUALITY FREIGHT SERVICES LIMITED,03090860,1.0,Active,1995-08-14,Private Limited Company,"{'care_of': None, 'po_box': None, 'address_line_1': 'UNIT 1 PEEL HOUSE', 'address_line_2': None, 'town': 'SHIPLEY', 'county': None, 'country': 'ENGLAND', 'postcode': 'BD18 3NA'}"
R J Bower Ltd,r j bower,R J BOWER LIMITED,02604154,1.0,Active,1991-04-23,Private Limited Company,"{'care_of': None, 'po_box': None, 'address_line_1': 'LOWER DRAYTON FARM', 'address_line_2': None, 'town': 'STAFFS', 'county': None, 'country': None, 'postcode': 'ST19 5RE'}"
Express Car Rental,express car rental,EXPRESS CAR RENTAL LTD,13759673,1.0,Active,2021-11-23,Private Limited Company,"{'care_of': None, 'po_box': None, 'address_line_1': '71-75 SHELTON STREET', 'address_line_2': None, 'town': 'LONDON', 'county': None, 'country': 'UNITED KINGDOM', 'postcode': 'WC2H 9JQ'}"
Bowers Electricals Ltd,bowers electricals,BOWERS ELECTRICALS LIMITED,01955004,1.0,Active,1985-11-06,Private Limited Company,"{'care_of': None, 'po_box': None, 'address_line_1': 'SLACK LANE', 'address_line_2': None, 'town': 'HEANOR', 'county': 'DERBYSHIRE', 'country': None, 'postcode': 'DE75 7GX'}"
GAZOLINE LTD,gazoline,GAZOLINE LTD,12996676,1.0,Active,2020-11-04,Private Limited Company,"{'care_of': None, 'po_box': None, 'address_line_1': '126 CHARLTON ROAD', 'address_line_2': None, 'town': 'HARROW', 'county': None, 'country': 'ENGLAND', 'postcode': 'HA3 9HL'}"
VARG CUSTOMS,varg customs,VARG CUSTOMS LIMITED,15442978,1.0,Active,2024-01-25,Private Limited Company,"{'care_of': None, 'po_box': None, 'address_line_1': '20 BIRCH ROAD', 'address_line_2': None, 'town': 'NORMANTON', 'county': None, 'country': 'ENGLAND', 'postcode': 'WF6 1LB'}"
DRIVESHIELD INSTALLATIONS LIMITED,driveshield installations,DRIVESHIELD INSTALLATIONS LIMITED,05768980,1.0,Active,2006-04-04,Private Limited Company,"{'care_of': None, 'po_box': None, 'address_line_1': '24 MAINSIDE, REDMARSHALL', 'address_line_2': None, 'town': 'CLEVELAND', 'county': None, 'country': None, 'postcode': 'TS21 1HY'}"
WELBECK SERVICE STATION,welbeck service station,WELBECK SERVICE STATION LTD,09237998,1.0,Active,2014-09-26,Private Limited Company,"{'care_of': None, 'po_box': None, 'address_line_1': 'NETHERFIELD LANE', 'address_line_2': None, 'town': 'MANSFIELD', 'county': 'NOTTINGHAMSHIRE', 'country': None, 'postcode': 'NG20 9PA'}"
LIGHTNETIC CUSTOMS,lightnetic customs,LIGHTNETIC CUSTOMS LTD,13182344,1.0,Active,2021-02-05,Private Limited Company,"{'care_of': None, 'po_box': None, 'address_line_1': 'LIGHTNETIC CUSTOMS UNIT G13 DERBY MILL', 'address_line_2': None, 'town': 'BOLTON', 'county': None, 'country': 'ENGLAND', 'postcode': 'BL3 6JU'}"
M J CHURCH PLANT LTD,m j church plant,M J CHURCH (PLANT) LIMITED,01856955,1.0,Active,1984-10-19,Private Limited Company,"{'care_of': None, 'po_box': None, 'address_line_1': 'STAR FARM', 'address_line_2': None, 'town': 'CHIPPENHAM', 'county': 'WILTSHIRE', 'country': None, 'postcode': 'SN14 8LH'}"
DYNAMIC SOUNDS,dynamic sounds,DYNAMIC SOUNDS LIMITED,03972638,1.0,Active,2000-04-13,Private Limited Company,"{'care_of': None, 'po_box': None, 'address_line_1': '118-120 UNIT 6 WANDSWORTH TRADING ESTATE', 'address_line_2': None, 'town': 'LONDON', 'county': None, 'country': None, 'postcode': 'SW18 4DJ'}"
AMA EXECUTIVE LIMITED,ama executive,AMA EXECUTIVE LIMITED,12129844,1.0,Active,2019-07-30,Private Limited Company,"{'care_of': None, 'po_box': None, 'address_line_1': '24 GODFREY PLACE', 'address_line_2': None, 'town': 'CHELTENHAM', 'county': None, 'country': 'UNITED KINGDOM', 'postcode': 'GL54 2QN'}"
RMB 102 Limited,rmb 102,RMB 102 LIMITED,07511484,1.0,Active,2011-01-31,Private Limited Company,"{'care_of': None, 'po_box': None, 'address_line_1': 'PROSPECT PLACE', 'address_line_2': None, 'town': 'WINCHESTER', 'county': None, 'country': 'ENGLAND', 'postcode': 'SO23 7RX'}"
MELIN HOMES,melin homes,MELIN HOMES LIMITED,IP27421R,1.0,Active,1991-07-31,Registered Society,"{'care_of': None, 'po_box': None, 'address_line_1': None, 'address_line_2': None, 'town': None, 'county': None, 'country': None, 'postcode': None}"
Porchlight,porchlight,PORCHLIGHT,01157482,1.0,Active,1974-01-18,"PRI/LBG/NSC (Private, Limited by guarantee, no share capital, use of 'Limited' exemption)","{'care_of': None, 'po_box': None, 'address_line_1': '2ND FLOOR WATLING CHAMBERS', 'address_line_2': None, 'town': 'CANTERBURY', 'county': 'KENT', 'country': None, 'postcode': 'CT1 2UA'}"
Tiny Tots Nursery,tiny tots nursery,TINY TOTS NURSERY LIMITED,SC219870,1.0,Active,2001-06-05,Private Limited Company,"{'care_of': None, 'po_box': None, 'address_line_1': '7 KENILWORTH COURT', 'address_line_2': None, 'town': 'CUMBERNAULD', 'county': 'NORTH LANARKSHIRE', 'country': None, 'postcode': 'G67 1BP'}"
Nursery in a Yurt,nursery in a yurt,NURSERY IN A YURT LIMITED,13382718,1.0,Active,2021-05-07,Private Limited Company,"{'care_of': None, 'po_box': None, 'address_line_1': 'AVON VALLEY PIXASH LANE', 'address_line_2': None, 'town': 'BRISTOL', 'county': 'AVON', 'country': 'UNITED KINGDOM', 'postcode': 'BS31 1TP'}"
Pulse Plastics Limited,pulse plastics,PULSE PLASTICS LIMITED,04529261,1.0,Active,2002-09-09,Private Limited Company,"{'care_of': None, 'po_box': None, 'address_line_1': 'UNIT 20 RASSAU INDUSTRIAL ESTATE', 'address_line_2': None, 'town': 'EBBW VALE', 'county': None, 'country': 'WALES', 'postcode': 'NP23 5SD'}"
Pioneer Pump,pioneer pump,PIONEER PUMP LIMITED,04327332,1.0,Active,2001-11-22,Private Limited Company,"{'care_of': None, 'po_box': None, 'address_line_1': 'PIONEER HOUSE POND HALL ROAD', 'address_line_2': None, 'town': 'IPSWICH', 'county': None, 'country': 'ENGLAND', 'postcode': 'IP7 5PN'}"
Heat Recruitment Limited,heat recruitment,HEAT RECRUITMENT LIMITED,15269679,1.0,Active,2023-11-08,Private Limited Company,"{'care_of': None, 'po_box': None, 'address_line_1': 'CAERLEON HOUSE', 'address_line_2': None, 'town': 'PONTYPOOL', 'county': None, 'country': 'WALES', 'postcode': 'NP4 0XX'}"
Choiceall Limited,choiceall,CHOICEALL LIMITED,02974368,1.0,Active,1994-10-06,Private Limited Company,"{'care_of': None, 'po_box': None, 'address_line_1': 'UNIT 12L 102 LOWER GUILDFORD ROAD', 'address_line_2': None, 'town': 'WOKING', 'county': None, 'country': 'ENGLAND', 'postcode': 'GU21 2EP'}"
RO London Limited,ro london,RO LONDON LIMITED,15101230,1.0,Active,2023-08-29,Private Limited Company,"{'care_of': None, 'po_box': None, 'address_line_1': 'HOLBROOKE HOUSE 34-38', 'address_line_2': None, 'town': 'RICHMOND', 'county': None, 'country': 'ENGLAND', 'postcode': 'TW10 6UA'}"
Ardor Projects Limited,ardor projects,ARDOR PROJECTS LTD,14657479,1.0,Active,2023-02-13,Private Limited Company,"{'care_of': None, 'po_box': None, 'address_line_1': '1-2 THE GRANGE', 'address_line_2': None, 'town': 'WESTERHAM', 'county': None, 'country': 'ENGLAND', 'postcode': 'TN16 1AH'}"
UCL Academy,ucl academy,THE UCL ACADEMY,07024902,0.98,Active,2009-09-21,"PRI/LBG/NSC (Private, Limited by guarantee, no share capital, use of 'Limited' exemption)","{'care_of': None, 'po_box': None, 'address_line_1': 'THE UCL ACADEMY', 'address_line_2': None, 'town': 'LONDON', 'county': None, 'country': None, 'postcode': 'NW3 3AQ'}"
ESC Global Ltd,esc global,ESC GLOBAL LIMITED,06989600,1.0,Active,2009-08-12,Private Limited Company,"{'care_of': None, 'po_box': None, 'address_line_1': 'UNIT 3 POTTERIC CARR INDUSTRIAL ESTATE', 'address_line_2': None, 'town': 'DONCASTER', 'county': 'SOUTH YORKSHIRE', 'country': None, 'postcode': 'DN4 5NP'}"
CTECH Europe Ltd,ctech europe,CTECH EUROPE LTD,03238094,1.0,Active,1996-08-15,Private Limited Company,"{'care_of': None, 'po_box': None, 'address_line_1': 'UNIT 2 ROVERT HOUSE WATERTOWER', 'address_line_2': None, 'town': 'NESTON', 'county': 'SOUTH WIRRAL', 'country': None, 'postcode': 'CH64 3US'}"
Beer Trading Limited,beer trading,BEER TRADING LIMITED,06214374,1.0,Active,2007-04-16,Private Limited Company,"{'care_of': None, 'po_box': None, 'address_line_1': 'UNIT B, T, & C, SHERIFF HOUSE NANTWICH ROAD', 'address_line_2': None, 'town': 'MIDDLEWICH', 'county': None, 'country': 'ENGLAND', 'postcode': 'CW10 0LH'}"
A.S.D Wholesale Ltd,a s d wholesale,A. S. D. WHOLESALE LIMITED,03120735,1.0,Active,1995-11-01,Private Limited Company,"{'care_of': None, 'po_box': None, 'address_line_1': 'BROOKSIDE WAY', 'address_line_2': None, 'town': 'SUTTON IN ASHFIELD', 'county': 'NOTTINGHAMSHIRE', 'country': 'UNITED KINGDOM', 'postcode': 'NG17 2NL'}"
THE INNOVATIVE BREWING COMPANY LTD,the innovative brewing,THE INNOVATIVE BREWING COMPANY LTD,12356101,1.0,Active,2019-12-09,Private Limited Company,"{'care_of': None, 'po_box': None, 'address_line_1': '562 KINGS ROAD', 'address_line_2': None, 'town': 'LONDON', 'county': None, 'country': 'ENGLAND', 'postcode': 'SW6 2DZ'}"
PARASOL WINES LTD,parasol wines,PARASOL WINES LTD,11284691,1.0,Active,2018-03-29,Private Limited Company,"{'care_of': None, 'po_box': None, 'address_line_1': '125 PURVES ROAD', 'address_line_2': None, 'town': 'LONDON', 'county': None, 'country': 'ENGLAND', 'postcode': 'NW10 5TH'}"
FIRST LIGHT CAFE LTD,first light cafe,FIRST LIGHT CAFE LTD,15281518,1.0,Active,2023-11-13,Private Limited Company,"{'care_of': None, 'po_box': None, 'address_line_1': '8 WOODLAND CRESCENT', 'address_line_2': None, 'town': 'Y FENNI', 'county': 'SIR FYNWY', 'country': 'UNITED KINGDOM', 'postcode': 'NP7 9LY'}"
Austin Elliot Consultancy,austin elliot consultancy,AUSTIN ELLIOT CONSULTANCY LTD,11784166,1.0,Active,2019-01-23,Private Limited Company,"{'care_of': None, 'po_box': None, 'address_line_1': 'FORMAL HOUSE', 'address_line_2': None, 'town': 'CHELTENHAM', 'county': None, 'country': 'ENGLAND', 'postcode': 'GL50 3PN'}"
KTSL Limited,ktsl,KTSL LIMITED,03926836,1.0,Active,2000-02-16,Private Limited Company,"{'care_of': None, 'po_box': None, 'address_line_1': 'UNIT 23', 'address_line_2': None, 'town': 'CORSHAM', 'county': 'WILTSHIRE', 'country': None, 'postcode': 'SN13 9RS'}"
Bowel Cancer UK,bowel cancer united kingdom,BOWEL CANCER UK,03409832,1.0,Active,1997-07-25,"PRI/LBG/NSC (Private, Limited by guarantee, no share capital, use of 'Limited' exemption)","{'care_of': None, 'po_box': None, 'address_line_1': 'UNIT 301 EDINBURGH HOUSE', 'address_line_2': None, 'town': 'LONDON', 'county': None, 'country': 'ENGLAND', 'postcode': 'SE11 5DP'}"
David Martin,david martin,DAVID MARTIN LIMITED,SC692459,1.0,Active,2021-03-16,Private Limited Company,"{'care_of': None, 'po_box': None, 'address_line_1': '2 BISHOPS PARK', 'address_line_2': None, 'town': 'GLASGOW', 'county': None, 'country': 'UNITED KINGDOM', 'postcode': 'G74 5AF'}"
Oragyms Ltd,oragyms,ORAGYMS LTD,10600648,1.0,Active,2017-02-03,Private Limited Company,"{'care_of': None, 'po_box': None, 'address_line_1': 'ORAGYMS HOLMFIRTH ROAD', 'address_line_2': None, 'town': 'HUDDERSFIELD', 'county': None, 'country': 'ENGLAND', 'postcode': 'HD8 8BB'}"
Plymouth Argyle Football Co Ltd,plymouth argyle football,PLYMOUTH ARGYLE FOOTBALL CLUB LIMITED,07796376,0.97,Active,2011-10-04,Private Limited Company,"{'care_of': None, 'po_box': None, 'address_line_1': 'HOME PARK', 'address_line_2': None, 'town': 'DEVON', 'county': None, 'country': None, 'postcode': 'PL2 3DQ'}"
South Kent Community Church,south kent community church,SOUTH KENT COMMUNITY CHURCH,03269700,1.0,Active,1996-10-25,"PRI/LBG/NSC (Private, Limited by guarantee, no share capital, use of 'Limited' exemption)","{'care_of': None, 'po_box': None, 'address_line_1': 'THE CORNERSTONE CENTRE', 'address_line_2': None, 'town': 'FOLKESTONE', 'county': 'KENT', 'country': 'ENGLAND', 'postcode': 'CT20 2QR'}"
St. James's Place Wealth Management,st james s place wealth,ST. JAMES'S PLACE WEALTH MANAGEMENT PLC,04113955,0.98,Active,2000-11-24,Public Limited Company,"{'care_of': None, 'po_box': None, 'address_line_1': ""ST. JAMES'S PLACE HOUSE"", 'address_line_2': None, 'town': 'CIRENCESTER', 'county': 'GLOUCESTERSHIRE', 'country': 'ENGLAND', 'postcode': 'GL7 1FP'}"
Vision Computer Centre Ltd,vision computer centre,VISION COMPUTER CENTRE LIMITED,04630049,1.0,Active,2003-01-07,Private Limited Company,"{'care_of': None, 'po_box': None, 'address_line_1': 'UNIT 116', 'address_line_2': None, 'town': 'CWMBRAN', 'county': 'GWENT', 'country': None, 'postcode': 'NP44 5BG'}"
Rise Construction (EA) Ltd,rise construction ea,RISE CONSTRUCTION (EA) LTD,12763005,1.0,Active,2020-07-23,Private Limited Company,"{'care_of': None, 'po_box': None, 'address_line_1': '31 BIXLEY ROAD', 'address_line_2': None, 'town': 'IPSWICH', 'county': 'SUFFOLK', 'country': 'ENGLAND', 'postcode': 'IP3 8PH'}"
Anglia Suspended Ceilings Limited,anglia suspended ceilings,ANGLIA SUSPENDED CEILINGS LIMITED,07276237,1.0,Active,2010-06-07,Private Limited Company,"{'care_of': None, 'po_box': None, 'address_line_1': 'UNIT 11, BRICKWORKS BUSINESS ESTATE OLD STOWMARKET ROAD', 'address_line_2': None, 'town': 'BURY ST. EDMUNDS', 'county': 'SUFFOLK', 'country': None, 'postcode': 'IP30 9QS'}"
SSG Contracts Ltd,ssg contracts,SSG CONTRACTS LIMITED,02649133,1.0,Active,1991-09-26,Private Limited Company,"{'care_of': None, 'po_box': None, 'address_line_1': 'HOLBECHE HOUSE 437 SHIRLEY ROAD', 'address_line_2': None, 'town': 'BIRMINGHAM', 'county': None, 'country': 'ENGLAND', 'postcode': 'B27 7NX'}"
Gavin Griffiths Recycling Ltd,gavin griffiths recycling,GAVIN GRIFFITHS RECYCLING LTD,05640715,1.0,Active,2005-11-30,Private Limited Company,"{'care_of': None, 'po_box': None, 'address_line_1': 'BEECHWOOD HOUSE BRYNTYWOD', 'address_line_2': None, 'town': 'SWANSEA', 'county': None, 'country': None, 'postcode': 'SA5 7LP'}"
Allied Vehicles Limited,allied vehicles,ALLIED VEHICLES LIMITED,SC147093,1.0,Active,1993-10-15,Private Limited Company,"{'care_of': None, 'po_box': None, 'address_line_1': '230 BALMORE ROAD', 'address_line_2': None, 'town': 'LANARKSHIRE', 'county': None, 'country': None, 'postcode': 'G22 6LJ'}"
CONTRACT FURNITURE GROUP LTD,contract furniture group,CONTRACT FURNITURE GROUP LIMITED,06990972,1.0,Active,2009-08-14,Private Limited Company,"{'care_of': None, 'po_box': None, 'address_line_1': 'CONTRACT HOUSE', 'address_line_2': None, 'town': 'NOTTINGHAM', 'county': None, 'country': 'ENGLAND', 'postcode': 'NG2 4EU'}"
DRENCH EUROPE LTD,drench europe,DRENCH EUROPE LIMITED,10192893,1.0,Active,2016-05-21,Private Limited Company,"{'care_of': None, 'po_box': None, 'address_line_1': '107 KIRKGATE', 'address_line_2': None, 'town': 'LEEDS', 'county': None, 'country': 'ENGLAND', 'postcode': 'LS1 6DP'}"
DOVER HAMILTON LIMITED,dover hamilton,DOVER HAMILTON LIMITED,12607590,1.0,Active,2020-05-18,Private Limited Company,"{'care_of': None, 'po_box': None, 'address_line_1': 'OFFICE 221 CEME CAMPUS', 'address_line_2': None, 'town': 'RAINHAM', 'county': None, 'country': 'ENGLAND', 'postcode': 'RM13 8EU'}"
VINCI HOME TRADING UK LTD,vinci home trading united kingdom,VINCI HOME TRADING UK LIMITED,11744736,1.0,Active,2018-12-31,Private Limited Company,"{'care_of': None, 'po_box': None, 'address_line_1': '7-11 STAMFORD HOUSE', 'address_line_2': None, 'town': 'ALTRINCHAM', 'county': 'CHESHIRE', 'country': 'ENGLAND', 'postcode': 'WA14 1BD'}"
PREMIER SERVICES AND PRODUCTS LTD,premier services and products,PREMIER PRODUCTS & SERVICES LIMITED,05987299,0.98,Active,2006-11-02,Private Limited Company,"{'care_of': None, 'po_box': None, 'address_line_1': 'UNIT L HIRWAUN INDUSTRIAL ESTATE', 'address_line_2': None, 'town': 'ABERDARE', 'county': 'MID GLAMORGAN', 'country': None, 'postcode': 'CF44 9UP'}"
RAWLINGS & SON (BRISTOL) LTD,rawlings son bristol,RAWLINGS & SON(BRISTOL)LIMITED,00330872,1.0,Active,1937-08-20,Private Limited Company,"{'care_of': None, 'po_box': None, 'address_line_1': 'UNIT 3 CROWN ROAD', 'address_line_2': None, 'town': 'BRISTOL', 'county': None, 'country': 'ENGLAND', 'postcode': 'BS30 8JJ'}"
EXCELSIOR EUROPE LTD,excelsior europe,EXCELSIOR EUROPE LTD,06372258,1.0,Active,2007-09-17,Private Limited Company,"{'care_of': None, 'po_box': None, 'address_line_1': '39 INDIGO DRIVE', 'address_line_2': None, 'town': 'HINCKLEY', 'county': 'LEICESTERSHIRE', 'country': None, 'postcode': 'LE10 2QJ'}"
DESIGNERS GUILD LTD,designers guild,DESIGNERS GUILD (CORPORATION) LIMITED,03147628,1.0,Active,1996-01-17,Private Limited Company,"{'care_of': None, 'po_box': None, 'address_line_1': '3 LATIMER PLACE', 'address_line_2': None, 'town': None, 'county': None, 'country': None, 'postcode': 'W10 6QT'}"
TRINITY TOOLING & MACHINERY,trinity tooling machinery,TRINITY TOOLING & MACHINERY LTD,11191130,1.0,Active,2018-02-06,Private Limited Company,"{'care_of': None, 'po_box': None, 'address_line_1': '9 CONWAY CLOSE', 'address_line_2': None, 'town': 'CAMBERLEY', 'county': 'SURREY', 'country': 'ENGLAND', 'postcode': 'GU16 8XD'}"
ZERO EMISSION VEHICLES LTD,zero emission vehicles,ZERO EMISSION VEHICLES LIMITED,04842525,1.0,Active,2003-07-23,Private Limited Company,"{'care_of': None, 'po_box': None, 'address_line_1': 'NEWMANS COTTAGE', 'address_line_2': None, 'town': 'PETERSFIELD', 'county': 'HAMPSHIRE', 'country': None, 'postcode': 'GU32 1DQ'}"
